File Name, Path
Abs_Set.qml,Functions/ABS/Abs_Set.qml
Area_Set.qml,Functions/AreaSet/Area_Set.qml
Area_Set_1.qml,Functions/AreaSet/Area_Set_1.qml
Area_Set_2.qml,Functions/AreaSet/Area_Set_2.qml
AutoOperationPage.qml,Auto/AutoOperationPage.qml
ManualOperationAxisExpressPanel.qml,Manual/ManualOperationAxisExpressPanel.qml
ManualOperationAxisOpePanel.qml,Manual/ManualOperationAxisOpePanel.qml
BitTypePage.qml,debug/qml/PageBitType/BitTypePage.qml
BitTypePageForm.ui.qml,debug/qml/PageBitType/BitTypePageForm.ui.qml
BottomTab.qml,BottomTab.qml
ByteTypePage.qml,debug/qml/PageByteType/ByteTypePage.qml
ByteTypePageForm.ui.qml,debug/qml/PageByteType/ByteTypePageForm.ui.qml
CategoryHeader01.qml,debug/qml/PagePointType/CategoryHeader01.qml
CategoryHeader02.qml,debug/qml/PagePointType/CategoryHeader02.qml
CategoryPointData.qml,debug/qml/PagePointType/CategoryPointData.qml
ComboPopup.qml,debug/qml/ComboboxEx/ComboPopup.qml
ComboboxEx.qml,debug/qml/ComboboxEx/ComboboxEx.qml
CounterPage.qml,Program/CounterPage.qml
DebugWindow.qml,debug/DebugWindow.qml
Deceleration_page.qml,Functions/Deceleration/Deceleration_page.qml
Drive_Monitor.qml,Monitor/Drive_Monitor.qml
Drive_parameters.qml,Functions/MechanicalConfig/DriveParameters/Drive_parameters.qml
Driver_1.qml,Functions/MechanicalConfig/DriveParameters/Driver_1.qml
Driver_2.qml,Functions/MechanicalConfig/DriveParameters/Driver_2.qml
EditionPage.qml,Functions/EditionPage.qml
IOSwitch.qml,debug/qml/PageBitType/IOSwitch.qml
IOSwitchForm.ui.qml,debug/qml/PageBitType/IOSwitchForm.ui.qml
IO_Express.qml,Monitor/IO_Express.qml
IO_Force.qml,Monitor/IO_Force.qml
ManualOperationIOPanel.qml,Manual/ManualOperationIOPanel.qml
Internal_Monitor.qml,Monitor/Internal_Monitor.qml
Internet_set.qml,Functions/ControllerSettings/Internet_set.qml
ItemLayout.qml,debug/qml/ComboboxEx/ItemLayout.qml
LabelAddress.qml,debug/qml/Common/LabelAddress.qml
LedSwitch.qml,debug/qml/LedSwitch/LedSwitch.qml
LedSwitchForm.ui.qml,debug/qml/LedSwitch/LedSwitchForm.ui.qml
LedSwitchLook.qml,debug/qml/LedSwitch/LedSwitchLook.qml
LedSwitchLookForm.ui.qml,debug/qml/LedSwitch/LedSwitchLookForm.ui.qml
LongTypePage.qml,debug/qml/PageLongType/LongTypePage.qml
LongTypePageForm.ui.qml,debug/qml/PageLongType/LongTypePageForm.ui.qml
MaintainPage.qml,Functions/Maintain/MaintainPage.qml
ManualOperationPage.qml,Manual/ManualOperationPage.qml
MasterView.qml,MasterView.qml
Mechanical_Config.qml,Functions/MechanicalConfig/Mechanical_Config.qml
Mechanical_parameters.qml,Functions/MechanicalConfig/Mechanical_parameters.qml
TeachingModePanel.qml,Program/TeachingModePanel.qml
MonitorPage.qml,Monitor/MonitorPage.qml
NumberCell.qml,debug/qml/Common/NumberCell.qml
Operation.qml,Operation.qml
Meter/Origin.qml,Origin/Origin.qml
OtherTypePage.qml,debug/qml/PageOtherType/OtherTypePage.qml
OtherTypePageForm.ui.qml,debug/qml/PageOtherType/OtherTypePageForm.ui.qml
PassPage.qml,Program/PassPage.qml
PointTypePage.qml,debug/qml/PagePointType/PointTypePage.qml
TeachingPosSetPanel.qml,Program/PosSet/TeachingPosSetPanel.qml
Pos_Adjust.qml,Program/PosSet/Pos_Adjust.qml
Pos_Set.qml,Program/PosSet/Pos_Set.qml
ProductionPage.qml,Functions/Production/ProductionPage.qml
ProgramPage.qml,Program/ProgramPage.qml
RealTargetMain.qml,RealTargetMain.qml
RecordPage.qml,Record/RecordPage.qml
RowCategoryCapt.qml,debug/qml/Common/RowCategoryCapt.qml
Set.qml,Set.qml
TeachingStackPanel.qml,Program/TeachingStackPanel.qml
StringCell.qml,debug/qml/Common/StringCell.qml
SubComponent.qml,SubComponent.qml
ControllerSettingPage.qml,Functions/ControllerSettings/ControllerSettingPage.qml
System_set.qml,Functions/ControllerSettings/System_set.qml
TimerPage.qml,Program/TimerPage.qml
TopTab.qml,TopTab.qml
Type_select.qml,Functions/MechanicalConfig/Type_select.qml
User_set.qml,Functions/ControllerSettings/User_set.qml
VirtualKeyboard.qml,Widget/VirtualKeyboard.qml
WordTypePage.qml,debug/qml/PageWordType/WordTypePage.qml
WordTypePageForm.ui.qml,debug/qml/PageWordType/WordTypePageForm.ui.qml
main.qml,main.qml
Alert.qml,DELETED
AutoSubView.qml,DELETED
AxisData.qml,DELETED
AxisStatusMeter.qml,DELETED
AxisStatusTable.qml,DELETED
BarGraph.qml,DELETED
CalendarPopup.qml,DELETED
Combobox_m.qml,DELETED
EditableTextBox.qml,DELETED
FileManager.qml,DELETED
FlexButton.qml,DELETED
FlexText.qml,DELETED
IOSubPage.qml,DELETED
LanguageSelector.qml,DELETED
Menu.qml,DELETED
ModeSelect.qml,DELETED
PaginationBar.qml,DELETED
Meter/Panel.qml,DELETED
ProductionHistory.qml,DELETED
SFAll.qml,DELETED
SFDetail.qml,DELETED
SelectFunctionPage.qml,DELETED
Mater/Sensor.qml,DELETED
ShapeTabButton.qml,DELETED
StyledText.qml,DELETED
Meter/SubPanel.qml,DELETED
TenKey.qml,DELETED
TimerIcon.qml,DELETED
TimerStatus.qml,DELETED
Meter/Torque.qml,DELETED
dummyFeature.qml,DELETED
